0;1;2;3;4;5;6;7;8;max_crit;moyenne;resultat;creation;destruction
100.0;100.0;100.0;100.0;100.0;100.0;100.0;100.0;100.0;100.0;100.0;0;;
95.91836734693877;95.91836734693877;96.0;98.0;96.0;95.91836734693877;96.0;98.0;96.0;98.0;96.4172335600907;135;;
